{"body":[{"val":"","selector":"body #page"},{"val":"","selector":"body #page"},{"val":"","selector":"body #page"},{"val":"","selector":"body #page a"},{"val":"","selector":"a:hover"},{"val":"","selector":"body #page"}],"topbar":[{"val":"","selector":"#topbar"},{"val":"","selector":"#topbar"},{"val":"","selector":"#topbar a"},{"val":"","selector":"#topbar a:hover"}],"header-main":[{"val":"","selector":"#header"},{"val":"","selector":"#header"},{"val":"","selector":"#header a"},{"val":"","selector":"#header a:hover"}],"pav-mainnav":[{"val":"080303","selector":"#pav-mainnav .mainnav-wrap"},{"val":"","selector":"#pav-mainnav .mainnav-wrap a"},{"val":"","selector":"#pav-mainnav .mainnav-wrap a:hover"},{"val":"f2b8b8","selector":"#pav-mainnav input"},{"val":"965a5a","selector":"#pav-mainnav input"}],"footer-top":[{"val":"","selector":".footer-top"},{"val":"","selector":".footer-top"},{"val":"","selector":".footer-top a"},{"val":"","selector":".footer-top a:hover"},{"val":"","selector":".footer-top "}],"footer-center":[{"val":"","selector":".footer-center"},{"val":"","selector":".footer-center"},{"val":"","selector":".footer-center a"},{"val":"","selector":".footer-center a:hover"},{"val":"","selector":".footer-center "}],"powered":[{"val":"","selector":"#powered"},{"val":"","selector":"#powered"},{"val":"","selector":"#powered a"},{"val":"","selector":"#powered a:hover"},{"val":"","selector":"#powered"}],"product":[{"val":"","selector":".product-block .price"},{"val":"","selector":".price .price-new"},{"val":"","selector":".price .price-old"},{"val":"","selector":".price .price-tax"},{"val":"","selector":".cart input"},{"val":"","selector":".cart input"},{"val":"","selector":".wishlist a"},{"val":"","selector":".compare a"}],"modules":[{"val":"","selector":".sidebar .box .box-heading"},{"val":"","selector":".sidebar .box .box-heading span"},{"val":"","selector":".sidebar .box .box-content"},{"val":"","selector":".sidebar .box .box-content"}]}